{
  "$schema": "node_modules/wrangler/config-schema.json",
  "name": "019c5077-7648-7f2b-a4f8-e98ff0e343e7",
  "main": "./src/worker/index.ts",
  "compatibility_date": "2025-06-17",
  "compatibility_flags": ["nodejs_compat"],
  "observability": {
    "enabled": true
  },
  "upload_source_maps": true,
  "assets": {
    "not_found_handling": "single-page-application"
  },
  "d1_databases": [
    {
      "binding": "DB",
      "database_name": "019c5077-7648-7f2b-a4f8-e98ff0e343e7",
      "database_id": "019c5077-7648-7f2b-a4f8-e98ff0e343e7"
    }
  ],
	  "r2_buckets": [
	    {
	      "binding": "R2_BUCKET",
	      "bucket_name": "019c5077-7648-7f2b-a4f8-e98ff0e343e7"
	    }
	  ],
	  "services": [
	    {
	      "binding": "EMAILS",
	      "service": "emails-service",
	      "entrypoint": "EmailService",
	      "props": {
	        "appId": "019c5077-7648-7f2b-a4f8-e98ff0e343e7"
	      }
	    }
	  ]
	}
